url,image,name,price,details
https://www.amazon.pl/Electronic-Arts-Sims-Bundle-Game/dp/B08CS3MMWY/ref=sr_1_1?dib=eyJ2IjoiMSJ9.GlkbHfBEN7Tk_UPKPkFghSpw01yuH94nsDEGMPM4ZW1SE0xASIc8TAWUHPGtxj4WeHOlv91fp07guciZfQN_QRJTRTBoZYghYszHlV34GiWUpKZ4wFSUEUSVYudpL8mbLgVk_WLqGW3cL8LzGGo-D2EtqzNgFLHFjZn66shDnDu2UO0y_Y2A9mYvv-xbpzbYucyMJoyT25jUis5XIahk5zIO8cmxHuZ7mKBtx2UqUC_q9cL-KEFpdxXCqiOMuEbNigUPXIINYU6y0D6ogEa2f28HShIbQV2ogV_PPebgqtE._1i745_oUzAiln255V33wVLesameFAo1IFOJL4Unl-Y&dib_tag=se&keywords=sims+5+game&qid=1705772768&sr=8-1,https://m.media-amazon.com/images/I/81tFD2TpxpL._AC_UL320_.jpg,Electronic Arts The Sims 4 Bundle Game + Star Wars (PS4),"106,85","#<struct ProductDetails lang=""Angielski"", model_nr=""1094591"", country_of_origin=""Polska"", rating_avg=""4,2"", reviews_num=""141"">"
https://www.amazon.pl/Sims-zosta%C5%84-slynny-kod-pudelku/dp/B07J6R6JJK/ref=sr_1_2?dib=eyJ2IjoiMSJ9.GlkbHfBEN7Tk_UPKPkFghSpw01yuH94nsDEGMPM4ZW1SE0xASIc8TAWUHPGtxj4WeHOlv91fp07guciZfQN_QRJTRTBoZYghYszHlV34GiWUpKZ4wFSUEUSVYudpL8mbLgVk_WLqGW3cL8LzGGo-D2EtqzNgFLHFjZn66shDnDu2UO0y_Y2A9mYvv-xbpzbYucyMJoyT25jUis5XIahk5zIO8cmxHuZ7mKBtx2UqUC_q9cL-KEFpdxXCqiOMuEbNigUPXIINYU6y0D6ogEa2f28HShIbQV2ogV_PPebgqtE._1i745_oUzAiln255V33wVLesameFAo1IFOJL4Unl-Y&dib_tag=se&keywords=sims+5+game&qid=1705772768&sr=8-2,https://m.media-amazon.com/images/I/814pmNFo5FL._AC_UL320_.jpg,Sims 4 – zostań słynny (EP 6) – [PC – kod w pudełku],"164,64","#<struct ProductDetails lang=nil, model_nr=nil, country_of_origin=nil, rating_avg="""", reviews_num="""">"
https://www.amazon.pl/Sims-Seasons-PC-Game/dp/B07D7HPMS5/ref=sr_1_3?dib=eyJ2IjoiMSJ9.GlkbHfBEN7Tk_UPKPkFghSpw01yuH94nsDEGMPM4ZW1SE0xASIc8TAWUHPGtxj4WeHOlv91fp07guciZfQN_QRJTRTBoZYghYszHlV34GiWUpKZ4wFSUEUSVYudpL8mbLgVk_WLqGW3cL8LzGGo-D2EtqzNgFLHFjZn66shDnDu2UO0y_Y2A9mYvv-xbpzbYucyMJoyT25jUis5XIahk5zIO8cmxHuZ7mKBtx2UqUC_q9cL-KEFpdxXCqiOMuEbNigUPXIINYU6y0D6ogEa2f28HShIbQV2ogV_PPebgqtE._1i745_oUzAiln255V33wVLesameFAo1IFOJL4Unl-Y&dib_tag=se&keywords=sims+5+game&qid=1705772768&sr=8-3,https://m.media-amazon.com/images/I/81DHLrbyB-L._AC_UL320_.jpg,The Sims 4 Seasons PC Game,"","#<struct ProductDetails lang=nil, model_nr=nil, country_of_origin=nil, rating_avg="""", reviews_num="""">"
https://www.amazon.pl/Sims-psy-koty-kod-oryginal/dp/B0752ZJKZP/ref=sr_1_4?dib=eyJ2IjoiMSJ9.GlkbHfBEN7Tk_UPKPkFghSpw01yuH94nsDEGMPM4ZW1SE0xASIc8TAWUHPGtxj4WeHOlv91fp07guciZfQN_QRJTRTBoZYghYszHlV34GiWUpKZ4wFSUEUSVYudpL8mbLgVk_WLqGW3cL8LzGGo-D2EtqzNgFLHFjZn66shDnDu2UO0y_Y2A9mYvv-xbpzbYucyMJoyT25jUis5XIahk5zIO8cmxHuZ7mKBtx2UqUC_q9cL-KEFpdxXCqiOMuEbNigUPXIINYU6y0D6ogEa2f28HShIbQV2ogV_PPebgqtE._1i745_oUzAiln255V33wVLesameFAo1IFOJL4Unl-Y&dib_tag=se&keywords=sims+5+game&qid=1705772768&sr=8-4,https://m.media-amazon.com/images/I/812cDpRKNpL._AC_UL320_.jpg,Sims 4 – psy i koty (EP 4) [kod PC - oryginał],"141,38","#<struct ProductDetails lang=nil, model_nr=nil, country_of_origin=nil, rating_avg="""", reviews_num="""">"
https://www.amazon.pl/Sims-pory-roku-kod-pudelku/dp/B07D98YZ99/ref=sr_1_5?dib=eyJ2IjoiMSJ9.GlkbHfBEN7Tk_UPKPkFghSpw01yuH94nsDEGMPM4ZW1SE0xASIc8TAWUHPGtxj4WeHOlv91fp07guciZfQN_QRJTRTBoZYghYszHlV34GiWUpKZ4wFSUEUSVYudpL8mbLgVk_WLqGW3cL8LzGGo-D2EtqzNgFLHFjZn66shDnDu2UO0y_Y2A9mYvv-xbpzbYucyMJoyT25jUis5XIahk5zIO8cmxHuZ7mKBtx2UqUC_q9cL-KEFpdxXCqiOMuEbNigUPXIINYU6y0D6ogEa2f28HShIbQV2ogV_PPebgqtE._1i745_oUzAiln255V33wVLesameFAo1IFOJL4Unl-Y&dib_tag=se&keywords=sims+5+game&qid=1705772768&sr=8-5,https://m.media-amazon.com/images/I/81U6h2kEz5L._AC_UL320_.jpg,Sims 4 – pory roku (EP 6) [PC – kod w pudełku],"123,62","#<struct ProductDetails lang=nil, model_nr=nil, country_of_origin=nil, rating_avg="""", reviews_num="""">"
https://www.amazon.pl/SIMS-Uni-Expansion-Pack-niemiecka/dp/B07ZG5Z1GH/ref=sr_1_6?dib=eyJ2IjoiMSJ9.GlkbHfBEN7Tk_UPKPkFghSpw01yuH94nsDEGMPM4ZW1SE0xASIc8TAWUHPGtxj4WeHOlv91fp07guciZfQN_QRJTRTBoZYghYszHlV34GiWUpKZ4wFSUEUSVYudpL8mbLgVk_WLqGW3cL8LzGGo-D2EtqzNgFLHFjZn66shDnDu2UO0y_Y2A9mYvv-xbpzbYucyMJoyT25jUis5XIahk5zIO8cmxHuZ7mKBtx2UqUC_q9cL-KEFpdxXCqiOMuEbNigUPXIINYU6y0D6ogEa2f28HShIbQV2ogV_PPebgqtE._1i745_oUzAiln255V33wVLesameFAo1IFOJL4Unl-Y&dib_tag=se&keywords=sims+5+game&qid=1705772768&sr=8-6,https://m.media-amazon.com/images/I/81nzZf9RV8L._AC_UL320_.jpg,SIMS 4 do Uni Expansion Pack 8 – [PC] – [kod w a box – nie zawiera CD] – wersja niemiecka,"111,37","#<struct ProductDetails lang=""Niemiecki"", model_nr=""3563323"", country_of_origin=nil, rating_avg=""4,6"", reviews_num=""320"">"
https://www.amazon.pl/Sims-Schneeraies-Origin-wersja-niemiecka/dp/B08LFFTHBJ/ref=sr_1_7?dib=eyJ2IjoiMSJ9.GlkbHfBEN7Tk_UPKPkFghSpw01yuH94nsDEGMPM4ZW1SE0xASIc8TAWUHPGtxj4WeHOlv91fp07guciZfQN_QRJTRTBoZYghYszHlV34GiWUpKZ4wFSUEUSVYudpL8mbLgVk_WLqGW3cL8LzGGo-D2EtqzNgFLHFjZn66shDnDu2UO0y_Y2A9mYvv-xbpzbYucyMJoyT25jUis5XIahk5zIO8cmxHuZ7mKBtx2UqUC_q9cL-KEFpdxXCqiOMuEbNigUPXIINYU6y0D6ogEa2f28HShIbQV2ogV_PPebgqtE._1i745_oUzAiln255V33wVLesameFAo1IFOJL4Unl-Y&dib_tag=se&keywords=sims+5+game&qid=1705772768&sr=8-7,https://m.media-amazon.com/images/I/81Q865EXu0L._AC_UL320_.jpg,Sims 4 - Ab ins Schneeraies (EP 10) [PC Code - Origin] – wersja niemiecka,"143,10","#<struct ProductDetails lang=nil, model_nr=nil, country_of_origin=nil, rating_avg="""", reviews_num="""">"
https://www.amazon.pl/Electronic-Arts-Sims-Bundle-Game/dp/B08CS49J6N/ref=sr_1_8?dib=eyJ2IjoiMSJ9.GlkbHfBEN7Tk_UPKPkFghSpw01yuH94nsDEGMPM4ZW1SE0xASIc8TAWUHPGtxj4WeHOlv91fp07guciZfQN_QRJTRTBoZYghYszHlV34GiWUpKZ4wFSUEUSVYudpL8mbLgVk_WLqGW3cL8LzGGo-D2EtqzNgFLHFjZn66shDnDu2UO0y_Y2A9mYvv-xbpzbYucyMJoyT25jUis5XIahk5zIO8cmxHuZ7mKBtx2UqUC_q9cL-KEFpdxXCqiOMuEbNigUPXIINYU6y0D6ogEa2f28HShIbQV2ogV_PPebgqtE._1i745_oUzAiln255V33wVLesameFAo1IFOJL4Unl-Y&dib_tag=se&keywords=sims+5+game&qid=1705772768&sr=8-8,https://m.media-amazon.com/images/I/819je4QoaTL._AC_UL320_.jpg,Electronic Arts The Sims 4 Bundle Game + Star Wars (Xbox One),"81,08","#<struct ProductDetails lang=""Angielski"", model_nr=""1094583"", country_of_origin=nil, rating_avg=""4,3"", reviews_num=""44"">"
https://www.amazon.pl/Sims-Star-Wars-Voyage-Batuu/dp/B08CS3M62Z/ref=sr_1_9?dib=eyJ2IjoiMSJ9.GlkbHfBEN7Tk_UPKPkFghSpw01yuH94nsDEGMPM4ZW1SE0xASIc8TAWUHPGtxj4WeHOlv91fp07guciZfQN_QRJTRTBoZYghYszHlV34GiWUpKZ4wFSUEUSVYudpL8mbLgVk_WLqGW3cL8LzGGo-D2EtqzNgFLHFjZn66shDnDu2UO0y_Y2A9mYvv-xbpzbYucyMJoyT25jUis5XIahk5zIO8cmxHuZ7mKBtx2UqUC_q9cL-KEFpdxXCqiOMuEbNigUPXIINYU6y0D6ogEa2f28HShIbQV2ogV_PPebgqtE._1i745_oUzAiln255V33wVLesameFAo1IFOJL4Unl-Y&dib_tag=se&keywords=sims+5+game&qid=1705772768&sr=8-9,https://m.media-amazon.com/images/I/81sOLJvg-vL._AC_UL320_.jpg,Les Sims 4 Star Wars: Voyage Sur Batuu,"175,33","#<struct ProductDetails lang=""Angielski"", model_nr=""5035224124268"", country_of_origin=nil, rating_avg=""4,7"", reviews_num=""7"">"
https://www.amazon.pl/Sims-Arbeit-pakiet-rozszerzaj%C4%85cy-niemiecka/dp/B00T6527XS/ref=sr_1_10?dib=eyJ2IjoiMSJ9.GlkbHfBEN7Tk_UPKPkFghSpw01yuH94nsDEGMPM4ZW1SE0xASIc8TAWUHPGtxj4WeHOlv91fp07guciZfQN_QRJTRTBoZYghYszHlV34GiWUpKZ4wFSUEUSVYudpL8mbLgVk_WLqGW3cL8LzGGo-D2EtqzNgFLHFjZn66shDnDu2UO0y_Y2A9mYvv-xbpzbYucyMJoyT25jUis5XIahk5zIO8cmxHuZ7mKBtx2UqUC_q9cL-KEFpdxXCqiOMuEbNigUPXIINYU6y0D6ogEa2f28HShIbQV2ogV_PPebgqtE._1i745_oUzAiln255V33wVLesameFAo1IFOJL4Unl-Y&dib_tag=se&keywords=sims+5+game&qid=1705772768&sr=8-10,https://m.media-amazon.com/images/I/814FAwgBcBL._AC_UL320_.jpg,Sims 4 - An die Arbeit - pakiet rozszerzający - [PC] – wersja niemiecka,"93,37","#<struct ProductDetails lang=nil, model_nr=nil, country_of_origin=nil, rating_avg="""", reviews_num="""">"
https://www.amazon.pl/Sims-Standard-PC-wersja-niemiecka/dp/B00KPY3KV2/ref=sr_1_11?dib=eyJ2IjoiMSJ9.GlkbHfBEN7Tk_UPKPkFghSpw01yuH94nsDEGMPM4ZW1SE0xASIc8TAWUHPGtxj4WeHOlv91fp07guciZfQN_QRJTRTBoZYghYszHlV34GiWUpKZ4wFSUEUSVYudpL8mbLgVk_WLqGW3cL8LzGGo-D2EtqzNgFLHFjZn66shDnDu2UO0y_Y2A9mYvv-xbpzbYucyMJoyT25jUis5XIahk5zIO8cmxHuZ7mKBtx2UqUC_q9cL-KEFpdxXCqiOMuEbNigUPXIINYU6y0D6ogEa2f28HShIbQV2ogV_PPebgqtE._1i745_oUzAiln255V33wVLesameFAo1IFOJL4Unl-Y&dib_tag=se&keywords=sims+5+game&qid=1705772768&sr=8-11,https://m.media-amazon.com/images/I/712E-TkNJdL._AC_UL320_.jpg,Sims 4 - Standard Edition - [PC] – wersja niemiecka,"349,00","#<struct ProductDetails lang=nil, model_nr=nil, country_of_origin=nil, rating_avg="""", reviews_num="""">"
https://www.amazon.pl/Sims-Inselleben-EP-kod-pudelku/dp/B07SQJMW9Z/ref=sr_1_12?dib=eyJ2IjoiMSJ9.GlkbHfBEN7Tk_UPKPkFghSpw01yuH94nsDEGMPM4ZW1SE0xASIc8TAWUHPGtxj4WeHOlv91fp07guciZfQN_QRJTRTBoZYghYszHlV34GiWUpKZ4wFSUEUSVYudpL8mbLgVk_WLqGW3cL8LzGGo-D2EtqzNgFLHFjZn66shDnDu2UO0y_Y2A9mYvv-xbpzbYucyMJoyT25jUis5XIahk5zIO8cmxHuZ7mKBtx2UqUC_q9cL-KEFpdxXCqiOMuEbNigUPXIINYU6y0D6ogEa2f28HShIbQV2ogV_PPebgqtE._1i745_oUzAiln255V33wVLesameFAo1IFOJL4Unl-Y&dib_tag=se&keywords=sims+5+game&qid=1705772768&sr=8-12,https://m.media-amazon.com/images/I/8125YcuDchL._AC_UL320_.jpg,Sims 4 – Inselleben (EP 7) [PC – kod w pudełku],"147,25","#<struct ProductDetails lang=nil, model_nr=""1055768"", country_of_origin=nil, rating_avg=""4,6"", reviews_num=""554"">"
https://www.amazon.pl/Splinter-Cell-Blacklist-Freedom-Clancys/dp/B00CHPDK6W/ref=sr_1_13?dib=eyJ2IjoiMSJ9.GlkbHfBEN7Tk_UPKPkFghSpw01yuH94nsDEGMPM4ZW1SE0xASIc8TAWUHPGtxj4WeHOlv91fp07guciZfQN_QRJTRTBoZYghYszHlV34GiWUpKZ4wFSUEUSVYudpL8mbLgVk_WLqGW3cL8LzGGo-D2EtqzNgFLHFjZn66shDnDu2UO0y_Y2A9mYvv-xbpzbYucyMJoyT25jUis5XIahk5zIO8cmxHuZ7mKBtx2UqUC_q9cL-KEFpdxXCqiOMuEbNigUPXIINYU6y0D6ogEa2f28HShIbQV2ogV_PPebgqtE._1i745_oUzAiln255V33wVLesameFAo1IFOJL4Unl-Y&dib_tag=se&keywords=sims+5+game&qid=1705772768&sr=8-13,https://m.media-amazon.com/images/I/81BU7Y2Z0DL._AC_UL320_.jpg,"Splinter Cell: Blacklist The 5 Freedom Edition, Tom Clancy's (AT-PEGI)","187,31","#<struct ProductDetails lang=""Niemiecki"", model_nr=nil, country_of_origin=nil, rating_avg="""", reviews_num="""">"
https://www.amazon.pl/Unofficial-Sims-Cookbook-Pancakes-Recipes/dp/1507219458/ref=sr_1_14?dib=eyJ2IjoiMSJ9.GlkbHfBEN7Tk_UPKPkFghSpw01yuH94nsDEGMPM4ZW1SE0xASIc8TAWUHPGtxj4WeHOlv91fp07guciZfQN_QRJTRTBoZYghYszHlV34GiWUpKZ4wFSUEUSVYudpL8mbLgVk_WLqGW3cL8LzGGo-D2EtqzNgFLHFjZn66shDnDu2UO0y_Y2A9mYvv-xbpzbYucyMJoyT25jUis5XIahk5zIO8cmxHuZ7mKBtx2UqUC_q9cL-KEFpdxXCqiOMuEbNigUPXIINYU6y0D6ogEa2f28HShIbQV2ogV_PPebgqtE._1i745_oUzAiln255V33wVLesameFAo1IFOJL4Unl-Y&dib_tag=se&keywords=sims+5+game&qid=1705772768&sr=8-14,https://m.media-amazon.com/images/I/71i98WMJEbL._AC_UL320_.jpg,"The Unofficial Sims Cookbook: From Baked Alaska to Silly Gummy Bear Pancakes, 85+ Recipes to Satisfy the Hunger Need","63,89","#<struct ProductDetails lang=""Angielski"", model_nr=nil, country_of_origin=nil, rating_avg=""4,8"", reviews_num=""1 093"">"
https://www.amazon.pl/Spelling-Book-Year-Ages-9-10/dp/0721712169/ref=sr_1_15?dib=eyJ2IjoiMSJ9.GlkbHfBEN7Tk_UPKPkFghSpw01yuH94nsDEGMPM4ZW1SE0xASIc8TAWUHPGtxj4WeHOlv91fp07guciZfQN_QRJTRTBoZYghYszHlV34GiWUpKZ4wFSUEUSVYudpL8mbLgVk_WLqGW3cL8LzGGo-D2EtqzNgFLHFjZn66shDnDu2UO0y_Y2A9mYvv-xbpzbYucyMJoyT25jUis5XIahk5zIO8cmxHuZ7mKBtx2UqUC_q9cL-KEFpdxXCqiOMuEbNigUPXIINYU6y0D6ogEa2f28HShIbQV2ogV_PPebgqtE._1i745_oUzAiln255V33wVLesameFAo1IFOJL4Unl-Y&dib_tag=se&keywords=sims+5+game&qid=1705772768&sr=8-15,https://m.media-amazon.com/images/I/71E7yvSXDZL._AC_UL320_.jpg,"Spelling Book 5: Year 5, Ages 9-10","24,91","#<struct ProductDetails lang=""Angielski"", model_nr=nil, country_of_origin=nil, rating_avg=""4,5"", reviews_num=""291"">"
https://www.amazon.pl/Counting-Mathematics-EYFS-Ages-Reception/dp/0721714366/ref=sr_1_16?dib=eyJ2IjoiMSJ9.GlkbHfBEN7Tk_UPKPkFghSpw01yuH94nsDEGMPM4ZW1SE0xASIc8TAWUHPGtxj4WeHOlv91fp07guciZfQN_QRJTRTBoZYghYszHlV34GiWUpKZ4wFSUEUSVYudpL8mbLgVk_WLqGW3cL8LzGGo-D2EtqzNgFLHFjZn66shDnDu2UO0y_Y2A9mYvv-xbpzbYucyMJoyT25jUis5XIahk5zIO8cmxHuZ7mKBtx2UqUC_q9cL-KEFpdxXCqiOMuEbNigUPXIINYU6y0D6ogEa2f28HShIbQV2ogV_PPebgqtE._1i745_oUzAiln255V33wVLesameFAo1IFOJL4Unl-Y&dib_tag=se&keywords=sims+5+game&qid=1705772768&sr=8-16,https://m.media-amazon.com/images/I/713koG9BcKL._AC_UL320_.jpg,"Counting, Get Set Mathematics, EYFS, Ages 4-5 (Reception)","25,63","#<struct ProductDetails lang=""Angielski"", model_nr=nil, country_of_origin=nil, rating_avg=""4,6"", reviews_num=""268"">"
https://www.amazon.pl/Times-Tables-Tests-Maths-Ages/dp/0721711340/ref=sr_1_17?dib=eyJ2IjoiMSJ9.GlkbHfBEN7Tk_UPKPkFghSpw01yuH94nsDEGMPM4ZW1SE0xASIc8TAWUHPGtxj4WeHOlv91fp07guciZfQN_QRJTRTBoZYghYszHlV34GiWUpKZ4wFSUEUSVYudpL8mbLgVk_WLqGW3cL8LzGGo-D2EtqzNgFLHFjZn66shDnDu2UO0y_Y2A9mYvv-xbpzbYucyMJoyT25jUis5XIahk5zIO8cmxHuZ7mKBtx2UqUC_q9cL-KEFpdxXCqiOMuEbNigUPXIINYU6y0D6ogEa2f28HShIbQV2ogV_PPebgqtE._1i745_oUzAiln255V33wVLesameFAo1IFOJL4Unl-Y&dib_tag=se&keywords=sims+5+game&qid=1705772768&sr=8-17,https://m.media-amazon.com/images/I/61xxuWDazZL._AC_UL320_.jpg,"Times Tables Tests 1: KS1/KS2 Maths, Ages 5-8","25,55","#<struct ProductDetails lang=""Angielski"", model_nr=nil, country_of_origin=nil, rating_avg=""4,6"", reviews_num=""230"">"
https://www.amazon.pl/Electronic-Arts-S7185276-Dead-Space/dp/B0BGPLL3D6/ref=sr_1_18?dib=eyJ2IjoiMSJ9.GlkbHfBEN7Tk_UPKPkFghSpw01yuH94nsDEGMPM4ZW1SE0xASIc8TAWUHPGtxj4WeHOlv91fp07guciZfQN_QRJTRTBoZYghYszHlV34GiWUpKZ4wFSUEUSVYudpL8mbLgVk_WLqGW3cL8LzGGo-D2EtqzNgFLHFjZn66shDnDu2UO0y_Y2A9mYvv-xbpzbYucyMJoyT25jUis5XIahk5zIO8cmxHuZ7mKBtx2UqUC_q9cL-KEFpdxXCqiOMuEbNigUPXIINYU6y0D6ogEa2f28HShIbQV2ogV_PPebgqtE._1i745_oUzAiln255V33wVLesameFAo1IFOJL4Unl-Y&dib_tag=se&keywords=sims+5+game&qid=1705772768&sr=8-18,https://m.media-amazon.com/images/I/61c6-KtQseL._AC_UL320_.jpg,Dead Space,"245,20","#<struct ProductDetails lang=""Angielski"", model_nr=""S7185276"", country_of_origin=nil, rating_avg=""4,7"", reviews_num=""241"">"
https://www.amazon.pl/Grammar-Punctuation-Book-Year-Ages/dp/0721713904/ref=sr_1_19?dib=eyJ2IjoiMSJ9.GlkbHfBEN7Tk_UPKPkFghSpw01yuH94nsDEGMPM4ZW1SE0xASIc8TAWUHPGtxj4WeHOlv91fp07guciZfQN_QRJTRTBoZYghYszHlV34GiWUpKZ4wFSUEUSVYudpL8mbLgVk_WLqGW3cL8LzGGo-D2EtqzNgFLHFjZn66shDnDu2UO0y_Y2A9mYvv-xbpzbYucyMJoyT25jUis5XIahk5zIO8cmxHuZ7mKBtx2UqUC_q9cL-KEFpdxXCqiOMuEbNigUPXIINYU6y0D6ogEa2f28HShIbQV2ogV_PPebgqtE._1i745_oUzAiln255V33wVLesameFAo1IFOJL4Unl-Y&dib_tag=se&keywords=sims+5+game&qid=1705772768&sr=8-19,https://m.media-amazon.com/images/I/61enNSEIYdL._AC_UL320_.jpg,"Grammar and Punctuation Book 1: Year 1, Ages 5-6","24,48","#<struct ProductDetails lang=""Angielski"", model_nr=nil, country_of_origin=nil, rating_avg=""4,7"", reviews_num=""293"">"
https://www.amazon.pl/Sims-Standard-PlayStation-okladce-oryginalu/dp/B0746PBM7D/ref=sr_1_20?dib=eyJ2IjoiMSJ9.GlkbHfBEN7Tk_UPKPkFghSpw01yuH94nsDEGMPM4ZW1SE0xASIc8TAWUHPGtxj4WeHOlv91fp07guciZfQN_QRJTRTBoZYghYszHlV34GiWUpKZ4wFSUEUSVYudpL8mbLgVk_WLqGW3cL8LzGGo-D2EtqzNgFLHFjZn66shDnDu2UO0y_Y2A9mYvv-xbpzbYucyMJoyT25jUis5XIahk5zIO8cmxHuZ7mKBtx2UqUC_q9cL-KEFpdxXCqiOMuEbNigUPXIINYU6y0D6ogEa2f28HShIbQV2ogV_PPebgqtE._1i745_oUzAiln255V33wVLesameFAo1IFOJL4Unl-Y&dib_tag=se&keywords=sims+5+game&qid=1705772768&sr=8-20,https://m.media-amazon.com/images/I/81PJNyAHsmL._AC_UL320_.jpg,Sims 4 – Standard Edition – [PlayStation 4] – (obraz na okładce może różnić się od oryginału),"291,02","#<struct ProductDetails lang=nil, model_nr=""263332"", country_of_origin=nil, rating_avg=""4,3"", reviews_num=""3 419"">"
https://www.amazon.pl/Electronic-Arts-GmbH-Die-Sims/dp/B0746NQ6SY/ref=sr_1_21?dib=eyJ2IjoiMSJ9.GlkbHfBEN7Tk_UPKPkFghSpw01yuH94nsDEGMPM4ZW1SE0xASIc8TAWUHPGtxj4WeHOlv91fp07guciZfQN_QRJTRTBoZYghYszHlV34GiWUpKZ4wFSUEUSVYudpL8mbLgVk_WLqGW3cL8LzGGo-D2EtqzNgFLHFjZn66shDnDu2UO0y_Y2A9mYvv-xbpzbYucyMJoyT25jUis5XIahk5zIO8cmxHuZ7mKBtx2UqUC_q9cL-KEFpdxXCqiOMuEbNigUPXIINYU6y0D6ogEa2f28HShIbQV2ogV_PPebgqtE._1i745_oUzAiln255V33wVLesameFAo1IFOJL4Unl-Y&dib_tag=se&keywords=sims+5+game&qid=1705772768&sr=8-21,https://m.media-amazon.com/images/I/71fZoDFkjOL._AC_UL320_.jpg,Die Sims 4,"91,01","#<struct ProductDetails lang=nil, model_nr=nil, country_of_origin=""Portugalia"", rating_avg=""4,0"", reviews_num=""421"">"
https://www.amazon.pl/Assassins-Creed-Odyssey-Official-Collectors/dp/0744018943/ref=sr_1_22?dib=eyJ2IjoiMSJ9.GlkbHfBEN7Tk_UPKPkFghSpw01yuH94nsDEGMPM4ZW1SE0xASIc8TAWUHPGtxj4WeHOlv91fp07guciZfQN_QRJTRTBoZYghYszHlV34GiWUpKZ4wFSUEUSVYudpL8mbLgVk_WLqGW3cL8LzGGo-D2EtqzNgFLHFjZn66shDnDu2UO0y_Y2A9mYvv-xbpzbYucyMJoyT25jUis5XIahk5zIO8cmxHuZ7mKBtx2UqUC_q9cL-KEFpdxXCqiOMuEbNigUPXIINYU6y0D6ogEa2f28HShIbQV2ogV_PPebgqtE._1i745_oUzAiln255V33wVLesameFAo1IFOJL4Unl-Y&dib_tag=se&keywords=sims+5+game&qid=1705772768&sr=8-22,https://m.media-amazon.com/images/I/81nEsCN6s3L._AC_UL320_.jpg,Assassin's Creed Odyssey: Official Platinum Edition Guide: Official Collector's Edition Guide,"669,24","#<struct ProductDetails lang=""Angielski"", model_nr=nil, country_of_origin=nil, rating_avg=""4,7"", reviews_num=""263"">"
https://www.amazon.pl/Star-Wars-Jedi-Survivor-Angielski/dp/B0BN6B16MF/ref=sr_1_23?dib=eyJ2IjoiMSJ9.GlkbHfBEN7Tk_UPKPkFghSpw01yuH94nsDEGMPM4ZW1SE0xASIc8TAWUHPGtxj4WeHOlv91fp07guciZfQN_QRJTRTBoZYghYszHlV34GiWUpKZ4wFSUEUSVYudpL8mbLgVk_WLqGW3cL8LzGGo-D2EtqzNgFLHFjZn66shDnDu2UO0y_Y2A9mYvv-xbpzbYucyMJoyT25jUis5XIahk5zIO8cmxHuZ7mKBtx2UqUC_q9cL-KEFpdxXCqiOMuEbNigUPXIINYU6y0D6ogEa2f28HShIbQV2ogV_PPebgqtE._1i745_oUzAiln255V33wVLesameFAo1IFOJL4Unl-Y&dib_tag=se&keywords=sims+5+game&qid=1705772768&sr=8-23,https://m.media-amazon.com/images/I/81ZW9efmayL._AC_UL320_.jpg,Star Wars Jedi Survivor - Deluxe Edition (PS5),"301,52","#<struct ProductDetails lang=nil, model_nr=""1146080"", country_of_origin=nil, rating_avg=""4,7"", reviews_num=""194"">"
https://www.amazon.pl/Activity-Book-Workbook-Hangman-Boxes/dp/B086Y3C7GQ/ref=sr_1_24?dib=eyJ2IjoiMSJ9.GlkbHfBEN7Tk_UPKPkFghSpw01yuH94nsDEGMPM4ZW1SE0xASIc8TAWUHPGtxj4WeHOlv91fp07guciZfQN_QRJTRTBoZYghYszHlV34GiWUpKZ4wFSUEUSVYudpL8mbLgVk_WLqGW3cL8LzGGo-D2EtqzNgFLHFjZn66shDnDu2UO0y_Y2A9mYvv-xbpzbYucyMJoyT25jUis5XIahk5zIO8cmxHuZ7mKBtx2UqUC_q9cL-KEFpdxXCqiOMuEbNigUPXIINYU6y0D6ogEa2f28HShIbQV2ogV_PPebgqtE._1i745_oUzAiln255V33wVLesameFAo1IFOJL4Unl-Y&dib_tag=se&keywords=sims+5+game&qid=1705772768&sr=8-24,https://m.media-amazon.com/images/I/51a7kPdEG6L._AC_UL320_.jpg,"Activity Book for Kids | Fun Kid Game Workbook with Tic Tac Toe, Hangman, Four in a Row, Dots and Boxes and Game of Sims: Children’s Game Book with Fun Activities for Kids","21,17","#<struct ProductDetails lang=""Angielski"", model_nr=nil, country_of_origin=nil, rating_avg="""", reviews_num="""">"
https://www.amazon.pl/Need-Speed-Unbound-dla-PS5/dp/B0BGM9GBN2/ref=sr_1_25?dib=eyJ2IjoiMSJ9.GlkbHfBEN7Tk_UPKPkFghSpw01yuH94nsDEGMPM4ZW1SE0xASIc8TAWUHPGtxj4WeHOlv91fp07guciZfQN_QRJTRTBoZYghYszHlV34GiWUpKZ4wFSUEUSVYudpL8mbLgVk_WLqGW3cL8LzGGo-D2EtqzNgFLHFjZn66shDnDu2UO0y_Y2A9mYvv-xbpzbYucyMJoyT25jUis5XIahk5zIO8cmxHuZ7mKBtx2UqUC_q9cL-KEFpdxXCqiOMuEbNigUPXIINYU6y0D6ogEa2f28HShIbQV2ogV_PPebgqtE._1i745_oUzAiln255V33wVLesameFAo1IFOJL4Unl-Y&dib_tag=se&keywords=sims+5+game&qid=1705772768&sr=8-25,https://m.media-amazon.com/images/I/81MwT1FJU7L._AC_UL320_.jpg,Need for Speed Unbound dla PS5,"207,60","#<struct ProductDetails lang=nil, model_nr=nil, country_of_origin=nil, rating_avg="""", reviews_num="""">"
https://www.amazon.pl/Witcher-Game-Year-PS4/dp/B01JYW2F1G/ref=sr_1_26?dib=eyJ2IjoiMSJ9.GlkbHfBEN7Tk_UPKPkFghSpw01yuH94nsDEGMPM4ZW1SE0xASIc8TAWUHPGtxj4WeHOlv91fp07guciZfQN_QRJTRTBoZYghYszHlV34GiWUpKZ4wFSUEUSVYudpL8mbLgVk_WLqGW3cL8LzGGo-D2EtqzNgFLHFjZn66shDnDu2UO0y_Y2A9mYvv-xbpzbYucyMJoyT25jUis5XIahk5zIO8cmxHuZ7mKBtx2UqUC_q9cL-KEFpdxXCqiOMuEbNigUPXIINYU6y0D6ogEa2f28HShIbQV2ogV_PPebgqtE._1i745_oUzAiln255V33wVLesameFAo1IFOJL4Unl-Y&dib_tag=se&keywords=sims+5+game&qid=1705772768&sr=8-26,https://m.media-amazon.com/images/I/91-tzg8N8pL._AC_UL320_.jpg,The Witcher 3 Game of the Year Edition (PS4),"91,00","#<struct ProductDetails lang=""Angielski, Polski"", model_nr=""112112"", country_of_origin=""Austria"", rating_avg=""4,6"", reviews_num=""8 243"">"
https://www.amazon.pl/Verbal-Reasoning-Rapid-Tests-Book/dp/0721714501/ref=sr_1_27?dib=eyJ2IjoiMSJ9.GlkbHfBEN7Tk_UPKPkFghSpw01yuH94nsDEGMPM4ZW1SE0xASIc8TAWUHPGtxj4WeHOlv91fp07guciZfQN_QRJTRTBoZYghYszHlV34GiWUpKZ4wFSUEUSVYudpL8mbLgVk_WLqGW3cL8LzGGo-D2EtqzNgFLHFjZn66shDnDu2UO0y_Y2A9mYvv-xbpzbYucyMJoyT25jUis5XIahk5zIO8cmxHuZ7mKBtx2UqUC_q9cL-KEFpdxXCqiOMuEbNigUPXIINYU6y0D6ogEa2f28HShIbQV2ogV_PPebgqtE._1i745_oUzAiln255V33wVLesameFAo1IFOJL4Unl-Y&dib_tag=se&keywords=sims+5+game&qid=1705772768&sr=8-27,https://m.media-amazon.com/images/I/61J-NmFkTkL._AC_UL320_.jpg,"11+ Verbal Reasoning Rapid Tests Book 1 for GL and CEM: Year 2, Ages 6-7","38,34","#<struct ProductDetails lang=""Angielski"", model_nr=nil, country_of_origin=nil, rating_avg=""4,8"", reviews_num=""110"">"
https://www.amazon.pl/Electronic-Arts-Need-Speed-Unbound/dp/B0BGM4BT44/ref=sr_1_28?dib=eyJ2IjoiMSJ9.GlkbHfBEN7Tk_UPKPkFghSpw01yuH94nsDEGMPM4ZW1SE0xASIc8TAWUHPGtxj4WeHOlv91fp07guciZfQN_QRJTRTBoZYghYszHlV34GiWUpKZ4wFSUEUSVYudpL8mbLgVk_WLqGW3cL8LzGGo-D2EtqzNgFLHFjZn66shDnDu2UO0y_Y2A9mYvv-xbpzbYucyMJoyT25jUis5XIahk5zIO8cmxHuZ7mKBtx2UqUC_q9cL-KEFpdxXCqiOMuEbNigUPXIINYU6y0D6ogEa2f28HShIbQV2ogV_PPebgqtE._1i745_oUzAiln255V33wVLesameFAo1IFOJL4Unl-Y&dib_tag=se&keywords=sims+5+game&qid=1705772768&sr=8-28,https://m.media-amazon.com/images/I/71NV8Fed31L._AC_UL320_.jpg,Electronic Arts Need for Speed Unbound,"148,84","#<struct ProductDetails lang=""Angielski, Francuski"", model_nr=""S7183831"", country_of_origin=nil, rating_avg=""4,3"", reviews_num=""212"">"
https://www.amazon.pl/Sztuka-elektroniczna-Martwy-Kosmiczny-Remake/dp/B0BGPM3549/ref=sr_1_29?dib=eyJ2IjoiMSJ9.GlkbHfBEN7Tk_UPKPkFghSpw01yuH94nsDEGMPM4ZW1SE0xASIc8TAWUHPGtxj4WeHOlv91fp07guciZfQN_QRJTRTBoZYghYszHlV34GiWUpKZ4wFSUEUSVYudpL8mbLgVk_WLqGW3cL8LzGGo-D2EtqzNgFLHFjZn66shDnDu2UO0y_Y2A9mYvv-xbpzbYucyMJoyT25jUis5XIahk5zIO8cmxHuZ7mKBtx2UqUC_q9cL-KEFpdxXCqiOMuEbNigUPXIINYU6y0D6ogEa2f28HShIbQV2ogV_PPebgqtE._1i745_oUzAiln255V33wVLesameFAo1IFOJL4Unl-Y&dib_tag=se&keywords=sims+5+game&qid=1705772768&sr=8-29,https://m.media-amazon.com/images/I/71DUgjxU+6L._AC_UL320_.jpg,Sztuka elektroniczna Martwy Kosmiczny Remake,"174,99","#<struct ProductDetails lang=nil, model_nr=nil, country_of_origin=nil, rating_avg="""", reviews_num="""">"
https://www.amazon.pl/KS2-SATs-Reasoning-10-Minute-Tests/dp/072171496X/ref=sr_1_30?dib=eyJ2IjoiMSJ9.GlkbHfBEN7Tk_UPKPkFghSpw01yuH94nsDEGMPM4ZW1SE0xASIc8TAWUHPGtxj4WeHOlv91fp07guciZfQN_QRJTRTBoZYghYszHlV34GiWUpKZ4wFSUEUSVYudpL8mbLgVk_WLqGW3cL8LzGGo-D2EtqzNgFLHFjZn66shDnDu2UO0y_Y2A9mYvv-xbpzbYucyMJoyT25jUis5XIahk5zIO8cmxHuZ7mKBtx2UqUC_q9cL-KEFpdxXCqiOMuEbNigUPXIINYU6y0D6ogEa2f28HShIbQV2ogV_PPebgqtE._1i745_oUzAiln255V33wVLesameFAo1IFOJL4Unl-Y&dib_tag=se&keywords=sims+5+game&qid=1705772768&sr=8-30,https://m.media-amazon.com/images/I/61osS4rlGfL._AC_UL320_.jpg,KS2 SATs Reasoning 10-Minute Tests,"32,22","#<struct ProductDetails lang=""Angielski"", model_nr=nil, country_of_origin=nil, rating_avg=""4,7"", reviews_num=""488"">"
https://www.amazon.pl/Activision-Crash-Bandicoot-N-Sane-Trilogy/dp/B07H4SG96N/ref=sr_1_31?dib=eyJ2IjoiMSJ9.GlkbHfBEN7Tk_UPKPkFghSpw01yuH94nsDEGMPM4ZW1SE0xASIc8TAWUHPGtxj4WeHOlv91fp07guciZfQN_QRJTRTBoZYghYszHlV34GiWUpKZ4wFSUEUSVYudpL8mbLgVk_WLqGW3cL8LzGGo-D2EtqzNgFLHFjZn66shDnDu2UO0y_Y2A9mYvv-xbpzbYucyMJoyT25jUis5XIahk5zIO8cmxHuZ7mKBtx2UqUC_q9cL-KEFpdxXCqiOMuEbNigUPXIINYU6y0D6ogEa2f28HShIbQV2ogV_PPebgqtE._1i745_oUzAiln255V33wVLesameFAo1IFOJL4Unl-Y&dib_tag=se&keywords=sims+5+game&qid=1705772768&sr=8-31,https://m.media-amazon.com/images/I/71UtDDAfxBL._AC_UL320_.jpg,Activision Crash Bandicoot N.Sane Trilogy (PS4),"116,06","#<struct ProductDetails lang=""Angielski"", model_nr=""88222EN"", country_of_origin=""Polska"", rating_avg=""4,7"", reviews_num=""4 913"">"
https://www.amazon.pl/Activision-Spyro-Trilogy-Reignited-Xbox/dp/B07BY4CHNY/ref=sr_1_32?dib=eyJ2IjoiMSJ9.GlkbHfBEN7Tk_UPKPkFghSpw01yuH94nsDEGMPM4ZW1SE0xASIc8TAWUHPGtxj4WeHOlv91fp07guciZfQN_QRJTRTBoZYghYszHlV34GiWUpKZ4wFSUEUSVYudpL8mbLgVk_WLqGW3cL8LzGGo-D2EtqzNgFLHFjZn66shDnDu2UO0y_Y2A9mYvv-xbpzbYucyMJoyT25jUis5XIahk5zIO8cmxHuZ7mKBtx2UqUC_q9cL-KEFpdxXCqiOMuEbNigUPXIINYU6y0D6ogEa2f28HShIbQV2ogV_PPebgqtE._1i745_oUzAiln255V33wVLesameFAo1IFOJL4Unl-Y&dib_tag=se&keywords=sims+5+game&qid=1705772768&sr=8-32,https://m.media-amazon.com/images/I/816NLGhaEZL._AC_UL320_.jpg,Activision Spyro Trilogy Reignited (Xbox One),"83,00","#<struct ProductDetails lang=""Angielski"", model_nr=""88242EN"", country_of_origin=""Polska"", rating_avg=""4,6"", reviews_num=""2 641"">"
https://www.amazon.pl/Two-Point-Campus-ENROLMENT-PS5/dp/B09R84KT22/ref=sr_1_33?dib=eyJ2IjoiMSJ9.GlkbHfBEN7Tk_UPKPkFghSpw01yuH94nsDEGMPM4ZW1SE0xASIc8TAWUHPGtxj4WeHOlv91fp07guciZfQN_QRJTRTBoZYghYszHlV34GiWUpKZ4wFSUEUSVYudpL8mbLgVk_WLqGW3cL8LzGGo-D2EtqzNgFLHFjZn66shDnDu2UO0y_Y2A9mYvv-xbpzbYucyMJoyT25jUis5XIahk5zIO8cmxHuZ7mKBtx2UqUC_q9cL-KEFpdxXCqiOMuEbNigUPXIINYU6y0D6ogEa2f28HShIbQV2ogV_PPebgqtE._1i745_oUzAiln255V33wVLesameFAo1IFOJL4Unl-Y&dib_tag=se&keywords=sims+5+game&qid=1705772768&sr=8-33,https://m.media-amazon.com/images/I/712mf0ZP5fL._AC_UL320_.jpg,Two Point Campus - ENROLMENT Edition (PS5),"113,25","#<struct ProductDetails lang=""Angielski"", model_nr=""PPSA-03644"", country_of_origin=""Chiny"", rating_avg=""4,5"", reviews_num=""120"">"
https://www.amazon.pl/Comprehension-Ages-5-7-Ideal-Learning/dp/0008134308/ref=sr_1_34?dib=eyJ2IjoiMSJ9.GlkbHfBEN7Tk_UPKPkFghSpw01yuH94nsDEGMPM4ZW1SE0xASIc8TAWUHPGtxj4WeHOlv91fp07guciZfQN_QRJTRTBoZYghYszHlV34GiWUpKZ4wFSUEUSVYudpL8mbLgVk_WLqGW3cL8LzGGo-D2EtqzNgFLHFjZn66shDnDu2UO0y_Y2A9mYvv-xbpzbYucyMJoyT25jUis5XIahk5zIO8cmxHuZ7mKBtx2UqUC_q9cL-KEFpdxXCqiOMuEbNigUPXIINYU6y0D6ogEa2f28HShIbQV2ogV_PPebgqtE._1i745_oUzAiln255V33wVLesameFAo1IFOJL4Unl-Y&dib_tag=se&keywords=sims+5+game&qid=1705772768&sr=8-34,https://m.media-amazon.com/images/I/71rMBaLOyZL._AC_UL320_.jpg,Comprehension Ages 5-7: Ideal for Home Learning,"19,99","#<struct ProductDetails lang=""Angielski"", model_nr=nil, country_of_origin=nil, rating_avg=""4,7"", reviews_num=""2 508"">"
https://www.amazon.pl/Sonic-Forces-Day-One-PlayStation/dp/B074F2YGQH/ref=sr_1_35?dib=eyJ2IjoiMSJ9.GlkbHfBEN7Tk_UPKPkFghSpw01yuH94nsDEGMPM4ZW1SE0xASIc8TAWUHPGtxj4WeHOlv91fp07guciZfQN_QRJTRTBoZYghYszHlV34GiWUpKZ4wFSUEUSVYudpL8mbLgVk_WLqGW3cL8LzGGo-D2EtqzNgFLHFjZn66shDnDu2UO0y_Y2A9mYvv-xbpzbYucyMJoyT25jUis5XIahk5zIO8cmxHuZ7mKBtx2UqUC_q9cL-KEFpdxXCqiOMuEbNigUPXIINYU6y0D6ogEa2f28HShIbQV2ogV_PPebgqtE._1i745_oUzAiln255V33wVLesameFAo1IFOJL4Unl-Y&dib_tag=se&keywords=sims+5+game&qid=1705772768&sr=8-35,https://m.media-amazon.com/images/I/81TU21Ze65L._AC_UL320_.jpg,Sonic Forces Day One Edition [PlayStation 4] – wersja niemiecka,"93,96","#<struct ProductDetails lang=""Angielski, Niemiecki, Francuski, Hiszpański, Włoski"", model_nr=""PS4 Sonic Forces Day One Edition"", country_of_origin=nil, rating_avg=""4,5"", reviews_num=""861"">"
https://www.amazon.pl/Electronic-Arts-Sims-przytulny-startowy/dp/B0BF5W5VQ4/ref=sr_1_36?dib=eyJ2IjoiMSJ9.GlkbHfBEN7Tk_UPKPkFghSpw01yuH94nsDEGMPM4ZW1SE0xASIc8TAWUHPGtxj4WeHOlv91fp07guciZfQN_QRJTRTBoZYghYszHlV34GiWUpKZ4wFSUEUSVYudpL8mbLgVk_WLqGW3cL8LzGGo-D2EtqzNgFLHFjZn66shDnDu2UO0y_Y2A9mYvv-xbpzbYucyMJoyT25jUis5XIahk5zIO8cmxHuZ7mKBtx2UqUC_q9cL-KEFpdxXCqiOMuEbNigUPXIINYU6y0D6ogEa2f28HShIbQV2ogV_PPebgqtE._1i745_oUzAiln255V33wVLesameFAo1IFOJL4Unl-Y&dib_tag=se&keywords=sims+5+game&qid=1705772768&sr=8-36,https://m.media-amazon.com/images/I/81QWcFOp8VL._AC_UL320_.jpg,Electronic Arts The Sims 4 - Czysty i przytulny pakiet startowy (kod w pudełku) (PC),"73,25","#<struct ProductDetails lang=nil, model_nr=nil, country_of_origin=nil, rating_avg="""", reviews_num="""">"
https://www.amazon.pl/Nintendo-Xenoblade-Chronicles-Definitive-Switch/dp/B086HF9CX7/ref=sr_1_37?dib=eyJ2IjoiMSJ9.GlkbHfBEN7Tk_UPKPkFghSpw01yuH94nsDEGMPM4ZW1SE0xASIc8TAWUHPGtxj4WeHOlv91fp07guciZfQN_QRJTRTBoZYghYszHlV34GiWUpKZ4wFSUEUSVYudpL8mbLgVk_WLqGW3cL8LzGGo-D2EtqzNgFLHFjZn66shDnDu2UO0y_Y2A9mYvv-xbpzbYucyMJoyT25jUis5XIahk5zIO8cmxHuZ7mKBtx2UqUC_q9cL-KEFpdxXCqiOMuEbNigUPXIINYU6y0D6ogEa2f28HShIbQV2ogV_PPebgqtE._1i745_oUzAiln255V33wVLesameFAo1IFOJL4Unl-Y&dib_tag=se&keywords=sims+5+game&qid=1705772768&sr=8-37,https://m.media-amazon.com/images/I/91FD6Isz6LL._AC_UL320_.jpg,Nintendo Xenoblade Chronicles: Definitive Edition (Nintendo Switch),"","#<struct ProductDetails lang=""Angielski"", model_nr=""10002044"", country_of_origin=nil, rating_avg=""4,7"", reviews_num=""2 612"">"
https://www.amazon.pl/KS1-SATs-Reasoning-10-Minute-Tests/dp/0721714943/ref=sr_1_38?dib=eyJ2IjoiMSJ9.GlkbHfBEN7Tk_UPKPkFghSpw01yuH94nsDEGMPM4ZW1SE0xASIc8TAWUHPGtxj4WeHOlv91fp07guciZfQN_QRJTRTBoZYghYszHlV34GiWUpKZ4wFSUEUSVYudpL8mbLgVk_WLqGW3cL8LzGGo-D2EtqzNgFLHFjZn66shDnDu2UO0y_Y2A9mYvv-xbpzbYucyMJoyT25jUis5XIahk5zIO8cmxHuZ7mKBtx2UqUC_q9cL-KEFpdxXCqiOMuEbNigUPXIINYU6y0D6ogEa2f28HShIbQV2ogV_PPebgqtE._1i745_oUzAiln255V33wVLesameFAo1IFOJL4Unl-Y&dib_tag=se&keywords=sims+5+game&qid=1705772768&sr=8-38,https://m.media-amazon.com/images/I/61QALGFnNFL._AC_UL320_.jpg,KS1 SATs Reasoning 10-Minute Tests,"31,97","#<struct ProductDetails lang=""Angielski"", model_nr=nil, country_of_origin=nil, rating_avg=""4,7"", reviews_num=""52"">"
https://www.amazon.pl/Just-Dance-2018-Nintendo-niemiecka/dp/B071K6KX89/ref=sr_1_39?dib=eyJ2IjoiMSJ9.GlkbHfBEN7Tk_UPKPkFghSpw01yuH94nsDEGMPM4ZW1SE0xASIc8TAWUHPGtxj4WeHOlv91fp07guciZfQN_QRJTRTBoZYghYszHlV34GiWUpKZ4wFSUEUSVYudpL8mbLgVk_WLqGW3cL8LzGGo-D2EtqzNgFLHFjZn66shDnDu2UO0y_Y2A9mYvv-xbpzbYucyMJoyT25jUis5XIahk5zIO8cmxHuZ7mKBtx2UqUC_q9cL-KEFpdxXCqiOMuEbNigUPXIINYU6y0D6ogEa2f28HShIbQV2ogV_PPebgqtE._1i745_oUzAiln255V33wVLesameFAo1IFOJL4Unl-Y&dib_tag=se&keywords=sims+5+game&qid=1705772768&sr=8-39,https://m.media-amazon.com/images/I/713nhPY+GpL._AC_UL320_.jpg,Just Dance 2018 - [Nintendo Switch] – wersja niemiecka,"220,94","#<struct ProductDetails lang=nil, model_nr=nil, country_of_origin=nil, rating_avg=""4,4"", reviews_num=""313"">"
https://www.amazon.pl/Koszulka-m%C4%99ska-Game-Biala-bialy/dp/B0CNLR7JLN/ref=sr_1_40?dib=eyJ2IjoiMSJ9.GlkbHfBEN7Tk_UPKPkFghSpw01yuH94nsDEGMPM4ZW1SE0xASIc8TAWUHPGtxj4WeHOlv91fp07guciZfQN_QRJTRTBoZYghYszHlV34GiWUpKZ4wFSUEUSVYudpL8mbLgVk_WLqGW3cL8LzGGo-D2EtqzNgFLHFjZn66shDnDu2UO0y_Y2A9mYvv-xbpzbYucyMJoyT25jUis5XIahk5zIO8cmxHuZ7mKBtx2UqUC_q9cL-KEFpdxXCqiOMuEbNigUPXIINYU6y0D6ogEa2f28HShIbQV2ogV_PPebgqtE._1i745_oUzAiln255V33wVLesameFAo1IFOJL4Unl-Y&dib_tag=se&keywords=sims+5+game&qid=1705772768&sr=8-40,https://m.media-amazon.com/images/I/61fWhActpuL._AC_UL320_.jpg,Koszulka męska The Sims 4 Game. Biała,"","#<struct ProductDetails lang=nil, model_nr=nil, country_of_origin=nil, rating_avg="""", reviews_num="""">"
https://www.amazon.pl/Nintendo-Legend-Zelda-Awakening-Switch/dp/B07SMRLNJH/ref=sr_1_41?dib=eyJ2IjoiMSJ9.GlkbHfBEN7Tk_UPKPkFghSpw01yuH94nsDEGMPM4ZW1SE0xASIc8TAWUHPGtxj4WeHOlv91fp07guciZfQN_QRJTRTBoZYghYszHlV34GiWUpKZ4wFSUEUSVYudpL8mbLgVk_WLqGW3cL8LzGGo-D2EtqzNgFLHFjZn66shDnDu2UO0y_Y2A9mYvv-xbpzbYucyMJoyT25jUis5XIahk5zIO8cmxHuZ7mKBtx2UqUC_q9cL-KEFpdxXCqiOMuEbNigUPXIINYU6y0D6ogEa2f28HShIbQV2ogV_PPebgqtE._1i745_oUzAiln255V33wVLesameFAo1IFOJL4Unl-Y&dib_tag=se&keywords=sims+5+game&qid=1705772768&sr=8-41,https://m.media-amazon.com/images/I/71XfeZI6JwL._AC_UL320_.jpg,Nintendo The Legend of Zelda: Link's Awakening (Nintendo Switch),"217,00","#<struct ProductDetails lang=""Angielski"", model_nr=""Nintendo201943"", country_of_origin=""Japonia"", rating_avg=""4,8"", reviews_num=""6 504"">"
https://www.amazon.pl/Sims-Growing-Together-Expansion-Pack/dp/B0BSXM2W4B/ref=sr_1_42?dib=eyJ2IjoiMSJ9.GlkbHfBEN7Tk_UPKPkFghSpw01yuH94nsDEGMPM4ZW1SE0xASIc8TAWUHPGtxj4WeHOlv91fp07guciZfQN_QRJTRTBoZYghYszHlV34GiWUpKZ4wFSUEUSVYudpL8mbLgVk_WLqGW3cL8LzGGo-D2EtqzNgFLHFjZn66shDnDu2UO0y_Y2A9mYvv-xbpzbYucyMJoyT25jUis5XIahk5zIO8cmxHuZ7mKBtx2UqUC_q9cL-KEFpdxXCqiOMuEbNigUPXIINYU6y0D6ogEa2f28HShIbQV2ogV_PPebgqtE._1i745_oUzAiln255V33wVLesameFAo1IFOJL4Unl-Y&dib_tag=se&keywords=sims+5+game&qid=1705772768&sr=8-42,https://m.media-amazon.com/images/I/71VHCL58zWL._AC_UL320_.jpg,The Sims 4 Growing Together Expansion Pack,"182,30","#<struct ProductDetails lang=nil, model_nr=nil, country_of_origin=nil, rating_avg="""", reviews_num="""">"
https://www.amazon.pl/Activision-Bandicoot-Trilogy-Nintendo-Switch/dp/B07BB4R214/ref=sr_1_43?dib=eyJ2IjoiMSJ9.GlkbHfBEN7Tk_UPKPkFghSpw01yuH94nsDEGMPM4ZW1SE0xASIc8TAWUHPGtxj4WeHOlv91fp07guciZfQN_QRJTRTBoZYghYszHlV34GiWUpKZ4wFSUEUSVYudpL8mbLgVk_WLqGW3cL8LzGGo-D2EtqzNgFLHFjZn66shDnDu2UO0y_Y2A9mYvv-xbpzbYucyMJoyT25jUis5XIahk5zIO8cmxHuZ7mKBtx2UqUC_q9cL-KEFpdxXCqiOMuEbNigUPXIINYU6y0D6ogEa2f28HShIbQV2ogV_PPebgqtE._1i745_oUzAiln255V33wVLesameFAo1IFOJL4Unl-Y&dib_tag=se&keywords=sims+5+game&qid=1705772768&sr=8-43,https://m.media-amazon.com/images/I/71yHFB4coUL._AC_UL320_.jpg,Activision Crash Bandicoot N. Sane Trilogy (Nintendo Switch),"","#<struct ProductDetails lang=""Angielski"", model_nr=""88199EN"", country_of_origin=nil, rating_avg=""4,7"", reviews_num=""5 904"">"
https://www.amazon.pl/Microsoft-Flight-Simulator-Pilots-Training/dp/0764588222/ref=sr_1_44?dib=eyJ2IjoiMSJ9.GlkbHfBEN7Tk_UPKPkFghSpw01yuH94nsDEGMPM4ZW1SE0xASIc8TAWUHPGtxj4WeHOlv91fp07guciZfQN_QRJTRTBoZYghYszHlV34GiWUpKZ4wFSUEUSVYudpL8mbLgVk_WLqGW3cL8LzGGo-D2EtqzNgFLHFjZn66shDnDu2UO0y_Y2A9mYvv-xbpzbYucyMJoyT25jUis5XIahk5zIO8cmxHuZ7mKBtx2UqUC_q9cL-KEFpdxXCqiOMuEbNigUPXIINYU6y0D6ogEa2f28HShIbQV2ogV_PPebgqtE._1i745_oUzAiln255V33wVLesameFAo1IFOJL4Unl-Y&dib_tag=se&keywords=sims+5+game&qid=1705772768&sr=8-44,https://m.media-amazon.com/images/I/71r3dkATSaL._AC_UL320_.jpg,Microsoft Flight Simulator X For Pilots: Real World Training,"98,44","#<struct ProductDetails lang=""Angielski"", model_nr=nil, country_of_origin=nil, rating_avg=""4,3"", reviews_num=""592"">"
https://www.amazon.pl/Shadow-Tomb-Raider-PlayStation-niemiecka/dp/B07BGLMBLM/ref=sr_1_45?dib=eyJ2IjoiMSJ9.GlkbHfBEN7Tk_UPKPkFghSpw01yuH94nsDEGMPM4ZW1SE0xASIc8TAWUHPGtxj4WeHOlv91fp07guciZfQN_QRJTRTBoZYghYszHlV34GiWUpKZ4wFSUEUSVYudpL8mbLgVk_WLqGW3cL8LzGGo-D2EtqzNgFLHFjZn66shDnDu2UO0y_Y2A9mYvv-xbpzbYucyMJoyT25jUis5XIahk5zIO8cmxHuZ7mKBtx2UqUC_q9cL-KEFpdxXCqiOMuEbNigUPXIINYU6y0D6ogEa2f28HShIbQV2ogV_PPebgqtE._1i745_oUzAiln255V33wVLesameFAo1IFOJL4Unl-Y&dib_tag=se&keywords=sims+5+game&qid=1705772768&sr=8-45,https://m.media-amazon.com/images/I/81bIeXPFXLL._AC_UL320_.jpg,Shadow of the Tomb Raider – [PlayStation 4] – wersja niemiecka,"83,54","#<struct ProductDetails lang=""Niemiecki"", model_nr=""1027184"", country_of_origin=nil, rating_avg=""4,6"", reviews_num=""2 411"">"
https://www.amazon.pl/Sims-4-pakiet-6-PC/dp/B07B7WHJXK/ref=sr_1_46?dib=eyJ2IjoiMSJ9.GlkbHfBEN7Tk_UPKPkFghSpw01yuH94nsDEGMPM4ZW1SE0xASIc8TAWUHPGtxj4WeHOlv91fp07guciZfQN_QRJTRTBoZYghYszHlV34GiWUpKZ4wFSUEUSVYudpL8mbLgVk_WLqGW3cL8LzGGo-D2EtqzNgFLHFjZn66shDnDu2UO0y_Y2A9mYvv-xbpzbYucyMJoyT25jUis5XIahk5zIO8cmxHuZ7mKBtx2UqUC_q9cL-KEFpdxXCqiOMuEbNigUPXIINYU6y0D6ogEa2f28HShIbQV2ogV_PPebgqtE._1i745_oUzAiln255V33wVLesameFAo1IFOJL4Unl-Y&dib_tag=se&keywords=sims+5+game&qid=1705772768&sr=8-46,https://m.media-amazon.com/images/I/81iRkqSD+KL._AC_UL320_.jpg,Sims 4 - pakiet 6 - [PC],"","#<struct ProductDetails lang=nil, model_nr=nil, country_of_origin=nil, rating_avg="""", reviews_num="""">"
https://www.amazon.pl/Just-Dance-2019-Nintendo-niemiecka/dp/B07DMH5HT3/ref=sr_1_47?dib=eyJ2IjoiMSJ9.GlkbHfBEN7Tk_UPKPkFghSpw01yuH94nsDEGMPM4ZW1SE0xASIc8TAWUHPGtxj4WeHOlv91fp07guciZfQN_QRJTRTBoZYghYszHlV34GiWUpKZ4wFSUEUSVYudpL8mbLgVk_WLqGW3cL8LzGGo-D2EtqzNgFLHFjZn66shDnDu2UO0y_Y2A9mYvv-xbpzbYucyMJoyT25jUis5XIahk5zIO8cmxHuZ7mKBtx2UqUC_q9cL-KEFpdxXCqiOMuEbNigUPXIINYU6y0D6ogEa2f28HShIbQV2ogV_PPebgqtE._1i745_oUzAiln255V33wVLesameFAo1IFOJL4Unl-Y&dib_tag=se&keywords=sims+5+game&qid=1705772768&sr=8-47,https://m.media-amazon.com/images/I/91roHN-uA-L._AC_UL320_.jpg,Just Dance 2019 - [Nintendo Switch] – wersja niemiecka,"169,00","#<struct ProductDetails lang=nil, model_nr=nil, country_of_origin=nil, rating_avg=""4,5"", reviews_num=""491"">"
https://www.amazon.pl/Sims-Star-Wars-Voyage-Batuu/dp/B08GYQPQFK/ref=sr_1_48?dib=eyJ2IjoiMSJ9.GlkbHfBEN7Tk_UPKPkFghSpw01yuH94nsDEGMPM4ZW1SE0xASIc8TAWUHPGtxj4WeHOlv91fp07guciZfQN_QRJTRTBoZYghYszHlV34GiWUpKZ4wFSUEUSVYudpL8mbLgVk_WLqGW3cL8LzGGo-D2EtqzNgFLHFjZn66shDnDu2UO0y_Y2A9mYvv-xbpzbYucyMJoyT25jUis5XIahk5zIO8cmxHuZ7mKBtx2UqUC_q9cL-KEFpdxXCqiOMuEbNigUPXIINYU6y0D6ogEa2f28HShIbQV2ogV_PPebgqtE._1i745_oUzAiln255V33wVLesameFAo1IFOJL4Unl-Y&dib_tag=se&keywords=sims+5+game&qid=1705772768&sr=8-48,https://m.media-amazon.com/images/I/71KlSIs1JzL._AC_UL320_.jpg,Les Sims 4 Star Wars: Voyage Sur Batuu,"31,48","#<struct ProductDetails lang=""Angielski"", model_nr=nil, country_of_origin=""Francja"", rating_avg=""5,0"", reviews_num=""4"">"
